timestamp,P2,P1,humidity,temperature
2018-09-01 03:00:00+03:00,19.035384615384615,33.43774725274725,81.73097826086956,16.379891304347826
2018-09-01 04:00:00+03:00,18.469484536082472,31.207319587628866,60.22783505154639,21.649484536082475
2018-09-01 05:00:00+03:00,19.722857142857144,37.806785714285716,66.56506024096385,19.457831325301203
2018-09-01 06:00:00+03:00,32.88494117647058,61.29694117647058,79.10833333333333,16.935714285714283
2018-09-01 07:00:00+03:00,20.920675675675675,36.51094594594595,83.73783783783784,15.99864864864865
2018-09-01 08:00:00+03:00,9.42654761904762,17.407619047619047,87.83690476190476,15.15595238095238
2018-09-01 09:00:00+03:00,17.53,30.82916666666667,91.38352941176471,14.876470588235295
2018-09-01 10:00:00+03:00,17.55766355140187,29.142616822429904,80.17830188679245,18.04245283018868
2018-09-01 11:00:00+03:00,13.133191489361701,24.352659574468085,63.81368421052632,21.213684210526317
2018-09-01 12:00:00+03:00,15.742988505747128,28.82367816091954,80.44235294117648,17.501176470588234
2018-09-01 13:00:00+03:00,9.263157894736842,15.874868421052632,89.21199999999999,15.756
2018-09-01 14:00:00+03:00,8.689397590361446,16.731084337349397,88.81204819277109,15.409638554216867
2018-09-01 15:00:00+03:00,16.6739175257732,31.57061855670103,77.12783505154638,17.696907216494843
2018-09-01 16:00:00+03:00,34.56809523809524,57.130714285714284,67.39756097560976,19.94878048780488
2018-09-01 17:00:00+03:00,27.14535714285714,46.58821428571429,58.471428571428575,22.542857142857144
2018-09-01 18:00:00+03:00,13.047906976744187,23.984651162790694,58.906976744186046,21.709302325581394
2018-09-01 19:00:00+03:00,33.32460317460317,65.38571428571429,75.05999999999999,18.224615384615383
2018-09-01 20:00:00+03:00,10.356363636363636,19.398333333333333,77.86451612903227,16.033870967741937
2018-09-01 21:00:00+03:00,9.17590909090909,17.334999999999997,87.12258064516129,14.179032258064517
2018-09-01 22:00:00+03:00,20.95671875,38.88171875,87.54375,14.4328125
2018-09-01 23:00:00+03:00,18.35323076923077,31.112923076923074,78.6046875,16.925
2018-09-02 00:00:00+03:00,34.708769230769235,63.83076923076923,64.41692307692308,20.12923076923077
2018-09-02 01:00:00+03:00,18.04203125,33.68609375,66.0859375,19.859375
2018-09-02 02:00:00+03:00,31.004375,65.1828125,78.23125,17.246875
2018-09-02 03:00:00+03:00,12.232903225806451,24.92967741935484,86.75396825396825,16.057142857142857
2018-09-02 04:00:00+03:00,12.4485,21.8715,91.33999999999999,15.535
2018-09-02 05:00:00+03:00,20.259666666666664,35.93266666666667,92.705,15.21
2018-09-02 06:00:00+03:00,19.943934426229507,36.08901639344262,87.9677966101695,16.599999999999998
2018-09-02 07:00:00+03:00,31.081833333333332,56.51583333333333,79.71166666666666,18.408333333333335
2018-09-02 08:00:00+03:00,15.786,30.19,57.17666666666666,22.973333333333336
2018-09-02 09:00:00+03:00,10.338333333333333,20.467333333333332,52.805,22.68
2018-09-02 10:00:00+03:00,8.131694915254236,18.970677966101693,57.484482758620686,20.382758620689657
2018-09-02 11:00:00+03:00,7.038421052631579,15.696842105263158,70.36896551724138,18.017241379310345
2018-09-02 12:00:00+03:00,5.683492063492063,11.478095238095237,80.36875,16.6125
2018-09-02 13:00:00+03:00,6.466707317073171,12.823902439024389,89.21829268292683,15.95609756097561
2018-09-02 14:00:00+03:00,7.081547619047619,13.166190476190476,88.64285714285714,15.97142857142857
2018-09-02 15:00:00+03:00,14.563658536585367,23.61390243902439,74.06829268292684,18.49390243902439
2018-09-02 16:00:00+03:00,13.172738095238095,24.449166666666667,58.81463414634147,21.009756097560974
2018-09-02 17:00:00+03:00,8.427260273972603,17.471780821917807,52.275342465753425,22.253424657534246
2018-09-02 18:00:00+03:00,15.758039215686274,34.52196078431373,61.280392156862746,19.692156862745097
2018-09-02 19:00:00+03:00,5.788095238095238,13.560476190476189,75.72926829268293,17.641463414634146
2018-09-02 20:00:00+03:00,4.1695,10.130666666666666,80.5,16.679310344827584
2018-09-02 21:00:00+03:00,4.438999999999999,10.162333333333333,88.25833333333334,15.421666666666665
2018-09-02 22:00:00+03:00,8.148333333333333,16.4645,90.96000000000001,15.176666666666668
2018-09-02 23:00:00+03:00,12.098333333333333,23.399833333333333,91.61999999999999,14.965
2018-09-03 00:00:00+03:00,13.606666666666666,24.8675,75.03333333333333,18.41166666666667
2018-09-03 01:00:00+03:00,14.319666666666667,31.468,59.33728813559322,19.1864406779661
2018-09-03 02:00:00+03:00,3.858305084745763,8.637457627118645,84.78813559322033,17.19322033898305
2018-09-03 03:00:00+03:00,4.269,8.231166666666667,91.315,16.258333333333333
2018-09-03 04:00:00+03:00,6.564333333333334,11.404,91.555,15.938333333333334
2018-09-03 05:00:00+03:00,7.2,13.276,84.61999999999999,17.31
2018-09-03 06:00:00+03:00,6.9157627118644065,13.997118644067797,61.167796610169496,21.838983050847457
2018-09-03 07:00:00+03:00,6.105333333333333,17.71333333333333,38.61333333333334,26.566666666666666
2018-09-03 08:00:00+03:00,7.9595,20.205499999999997,36.215,24.983333333333334
2018-09-03 09:00:00+03:00,10.549666666666667,25.554,48.443333333333335,20.508333333333333
2018-09-03 10:00:00+03:00,6.370181818181819,16.734727272727273,63.725,17.692857142857143
2018-09-03 11:00:00+03:00,7.243333333333333,17.786923076923074,72.85945945945946,16.15135135135135
2018-09-03 12:00:00+03:00,5.61475,12.853,77.825,15.092500000000001
2018-09-03 13:00:00+03:00,7.0865,14.7755,85.31666666666666,13.886666666666667
2018-09-03 14:00:00+03:00,15.223636363636365,33.15204545454546,87.3340909090909,13.602272727272727
2018-09-03 15:00:00+03:00,8.25051724137931,15.038793103448276,66.12711864406779,18.56949152542373
2018-09-03 16:00:00+03:00,18.212333333333333,34.64083333333333,44.39655172413793,22.33448275862069
2018-09-03 17:00:00+03:00,8.471186440677966,17.942881355932204,31.008333333333333,25.546666666666667
2018-09-03 18:00:00+03:00,6.705254237288136,14.926949152542374,27.196551724137933,26.401724137931033
2018-09-03 19:00:00+03:00,7.764666666666667,17.502333333333336,34.855000000000004,23.36
2018-09-03 20:00:00+03:00,8.482333333333333,21.43433333333333,51.00833333333333,19.185
2018-09-03 21:00:00+03:00,5.891355932203389,14.827457627118646,62.48135593220339,16.65593220338983
2018-09-03 22:00:00+03:00,11.253833333333334,25.976999999999997,72.83333333333333,14.738333333333333
2018-09-03 23:00:00+03:00,32.25622950819672,80.92819672131148,79.73389830508475,13.054237288135594
2018-09-04 00:00:00+03:00,42.4435,85.88016666666667,81.51166666666667,13.358333333333333
2018-09-04 01:00:00+03:00,17.639,31.78666666666667,66.73833333333333,19.388333333333332
2018-09-04 02:00:00+03:00,11.303500000000001,21.84283333333333,46.916666666666664,24.94
2018-09-04 03:00:00+03:00,9.912413793103447,21.301896551724138,33.97457627118644,28.04576271186441
2018-09-04 04:00:00+03:00,11.3425,23.1165,38.42833333333333,25.418333333333333
2018-09-04 05:00:00+03:00,6.4085245901639345,14.75,53.18983050847457,19.354237288135593
2018-09-04 06:00:00+03:00,5.841311475409836,12.628852459016393,72.0271186440678,15.96271186440678
2018-09-04 07:00:00+03:00,15.125901639344262,32.692622950819676,80.18474576271186,13.916949152542374
2018-09-04 08:00:00+03:00,30.889333333333333,70.24583333333334,77.68166666666666,14.425
2018-09-04 09:00:00+03:00,21.057708333333334,36.448541666666664,62.91458333333333,20.414583333333333
2018-09-04 10:00:00+03:00,10.045625,20.1409375,49.584375,24.64375
2018-09-04 11:00:00+03:00,9.53967741935484,22.88258064516129,43.68125,26.365625
2018-09-04 12:00:00+03:00,11.7492,24.3638,40.512244897959185,26.579591836734696
2018-09-04 13:00:00+03:00,11.093499999999999,19.84314285714286,57.56099290780142,20.26382978723404
2018-09-04 14:00:00+03:00,23.990875912408757,40.24788321167883,83.6919708029197,14.304379562043795
2018-09-04 15:00:00+03:00,18.39807692307692,30.89686813186813,63.48406593406594,19.67142857142857
2018-09-04 16:00:00+03:00,29.893333333333334,65.69616666666667,69.47277777777778,15.886111111111111
2018-09-04 17:00:00+03:00,31.138383838383838,63.144141414141416,57.7325,21.155
2018-09-04 18:00:00+03:00,7.327342995169082,20.38874396135266,42.0,22.613106796116504
2018-09-04 19:00:00+03:00,3.2021634615384613,7.192019230769231,83.87826086956521,17.322705314009664
2018-09-04 20:00:00+03:00,10.10747572815534,23.752378640776698,48.74320388349515,24.309708737864078
2018-09-04 21:00:00+03:00,4.838840579710145,13.527729468599032,60.49227053140096,20.733333333333334
2018-09-04 22:00:00+03:00,12.813054187192119,26.151625615763546,67.05490196078432,20.336274509803925
2018-09-04 23:00:00+03:00,10.719752475247525,24.261336633663365,71.16487804878048,18.65658536585366
2018-09-05 00:00:00+03:00,11.327044334975369,21.345073891625617,79.542,17.7885
2018-09-05 01:00:00+03:00,7.425804878048781,17.17160975609756,54.074999999999996,21.070098039215686
2018-09-05 02:00:00+03:00,17.811699029126213,41.276067961165054,78.97254901960784,15.285294117647059
2018-09-05 03:00:00+03:00,7.070776699029126,18.511165048543692,51.04,22.18714285714286
2018-09-05 04:00:00+03:00,5.341553398058252,12.071456310679611,88.22669902912622,15.735922330097086
2018-09-05 05:00:00+03:00,6.269563106796117,16.020679611650486,50.34264705882353,23.0656862745098
2018-09-05 06:00:00+03:00,5.427307692307692,13.88875,79.53349514563106,17.661650485436894
2018-09-05 07:00:00+03:00,13.601219512195122,26.90965853658537,52.83073170731707,23.892195121951218
2018-09-05 08:00:00+03:00,5.432585365853659,13.435756097560976,73.72536585365854,18.980975609756097
2018-09-05 09:00:00+03:00,9.114242424242423,18.503272727272726,84.82909090909091,17.275151515151517
2018-09-05 10:00:00+03:00,10.401153846153846,19.953333333333337,54.36217948717949,23.57179487179487
2018-09-05 11:00:00+03:00,11.058021978021978,20.447362637362637,61.15666666666667,21.76
2018-09-05 12:00:00+03:00,17.130833333333335,31.326944444444443,48.85405405405405,25.216216216216218
2018-09-05 13:00:00+03:00,5.970655737704917,13.911311475409837,43.14333333333333,26.145
2018-09-05 14:00:00+03:00,6.643125,20.676875,45.57708333333333,25.125
2018-09-05 15:00:00+03:00,9.488333333333333,22.290833333333335,52.498333333333335,22.185
2018-09-05 16:00:00+03:00,7.786666666666666,17.195833333333333,56.775510204081634,19.79795918367347
2018-09-05 17:00:00+03:00,6.456734693877551,14.348571428571429,67.2625,17.474999999999998
2018-09-05 18:00:00+03:00,10.128305084745763,25.976949152542375,79.87796610169492,15.315254237288135
2018-09-05 19:00:00+03:00,9.582166666666666,21.925,86.62166666666667,15.16
2018-09-05 20:00:00+03:00,15.370847457627118,32.28220338983051,90.32881355932203,15.155932203389831
2018-09-05 21:00:00+03:00,11.560677966101695,22.886101694915254,76.2135593220339,18.084745762711865
2018-09-05 22:00:00+03:00,16.232166666666668,31.426666666666666,50.96666666666667,22.936666666666667
2018-09-05 23:00:00+03:00,6.4031666666666665,14.958333333333334,33.535,26.15
2018-09-06 00:00:00+03:00,7.476166666666667,16.667166666666667,30.34,26.69
2018-09-06 01:00:00+03:00,10.181016949152541,20.417118644067795,38.708474576271186,22.27457627118644
2018-09-06 02:00:00+03:00,9.485833333333334,19.502333333333336,50.15423728813559,18.59830508474576
2018-09-06 03:00:00+03:00,10.023833333333334,21.66466666666667,62.06333333333334,15.901666666666667
2018-09-06 04:00:00+03:00,9.671186440677966,19.838474576271185,71.50847457627118,14.222033898305085
2018-09-06 05:00:00+03:00,14.667796610169491,31.807118644067796,81.20677966101695,13.19322033898305
2018-09-06 06:00:00+03:00,51.4465,122.91675000000001,73.11749999999999,14.8325
2018-09-06 07:00:00+03:00,15.120833333333334,29.6515,58.02333333333333,18.558333333333334
2018-09-06 08:00:00+03:00,15.897627118644069,29.380338983050848,45.166101694915255,22.935593220338983
2018-09-06 09:00:00+03:00,12.7662,25.2634,34.8,26.124000000000002
2018-09-06 10:00:00+03:00,11.567540983606557,23.028524590163933,34.898387096774194,25.49516129032258
2018-09-06 11:00:00+03:00,11.493728813559322,23.39966101694915,44.69122807017544,21.647368421052633
2018-09-06 12:00:00+03:00,10.277894736842105,19.93175438596491,57.07368421052631,19.036842105263155
2018-09-06 13:00:00+03:00,9.193103448275863,15.570689655172414,69.66949152542372,16.83728813559322
2018-09-06 14:00:00+03:00,11.059999999999999,19.48542372881356,81.4728813559322,15.40508474576271
2018-09-06 15:00:00+03:00,13.963859649122808,26.14438596491228,86.91964285714286,14.762500000000001
2018-09-06 16:00:00+03:00,17.05,32.70857142857143,89.16666666666667,14.508771929824562
2018-09-06 17:00:00+03:00,18.881249999999998,32.815,75.61607142857143,17.7125
2018-09-06 18:00:00+03:00,24.252833333333335,39.53366666666667,52.14745762711864,23.550847457627118
2018-09-06 19:00:00+03:00,16.481666666666666,30.523833333333336,44.94833333333334,24.733333333333334
2018-09-06 20:00:00+03:00,11.995254237288137,22.53186440677966,47.98813559322034,22.952542372881357
2018-09-06 21:00:00+03:00,12.663,25.044333333333334,56.225,20.626666666666665
2018-09-06 22:00:00+03:00,8.989666666666666,16.7655,64.98833333333333,19.091666666666665
2018-09-06 23:00:00+03:00,7.693448275862069,14.240689655172414,83.92807017543859,17.07894736842105
2018-09-07 00:00:00+03:00,9.80084745762712,16.69406779661017,92.49661016949153,15.76271186440678
2018-09-07 01:00:00+03:00,13.137166666666667,24.066333333333333,93.73333333333333,15.448333333333332
2018-09-07 02:00:00+03:00,15.3995,27.4545,88.34166666666667,16.685
2018-09-07 03:00:00+03:00,11.742666666666668,19.601166666666664,67.56,20.721666666666668
2018-09-07 04:00:00+03:00,9.5635,19.003833333333333,50.916666666666664,24.13
2018-09-07 05:00:00+03:00,7.4811764705882355,16.520588235294117,45.43600000000001,24.886
2018-09-07 06:00:00+03:00,8.189615384615385,16.299230769230768,50.33076923076923,23.398076923076925
2018-09-07 07:00:00+03:00,8.887272727272727,19.03109090909091,60.52363636363636,20.147272727272725
2018-09-07 08:00:00+03:00,6.217777777777778,13.295277777777777,67.08611111111111,18.880555555555556
2018-09-07 09:00:00+03:00,7.460857142857143,16.758857142857142,71.67714285714285,18.06571428571429
2018-09-07 10:00:00+03:00,4.672424242424242,9.799090909090909,78.63030303030304,17.457575757575757
2018-09-07 11:00:00+03:00,4.497692307692308,8.888846153846155,87.0653846153846,16.53076923076923
2018-09-07 12:00:00+03:00,4.778888888888889,9.335185185185185,89.58148148148148,16.322222222222223
2018-09-07 13:00:00+03:00,8.311785714285715,17.417142857142856,91.11724137931034,16.110344827586207
2018-09-07 14:00:00+03:00,6.937,13.185666666666666,91.75666666666666,15.713333333333333
2018-09-07 15:00:00+03:00,9.61107142857143,18.477857142857143,92.125,15.803571428571429
2018-09-07 16:00:00+03:00,10.047272727272727,19.853939393939395,90.95454545454545,16.463636363636365
2018-09-07 17:00:00+03:00,10.164761904761905,18.454285714285714,86.755,17.695
2018-09-07 18:00:00+03:00,22.516571428571428,35.389428571428574,73.16571428571429,19.205714285714286
2018-09-07 19:00:00+03:00,10.038888888888888,18.406666666666666,59.11388888888889,21.633333333333333
2018-09-07 20:00:00+03:00,7.869428571428571,15.697999999999999,56.494285714285716,22.28857142857143
2018-09-07 21:00:00+03:00,6.054722222222222,12.524444444444445,50.84166666666667,23.441666666666666
2018-09-07 22:00:00+03:00,6.055833333333333,13.788611111111111,50.28611111111111,23.336111111111112
2018-09-07 23:00:00+03:00,8.728611111111112,19.64527777777778,53.69722222222222,21.88611111111111
2018-09-08 00:00:00+03:00,14.547222222222224,33.62555555555556,58.9361111111111,20.37777777777778
2018-09-08 01:00:00+03:00,15.127777777777778,36.34777777777778,62.919444444444444,19.066666666666666
2018-09-08 02:00:00+03:00,14.36611111111111,33.91305555555555,66.10277777777777,18.15
2018-09-08 03:00:00+03:00,9.06611111111111,19.92111111111111,71.29166666666667,17.03611111111111
2018-09-08 04:00:00+03:00,4.93,10.058055555555555,77.65277777777777,16.42222222222222
2018-09-08 05:00:00+03:00,9.1075,17.592222222222222,83.41666666666667,15.558333333333334
2018-09-08 06:00:00+03:00,6.156944444444445,12.922222222222222,87.84444444444445,15.030555555555557
2018-09-08 07:00:00+03:00,9.038888888888888,16.93138888888889,92.125,14.494444444444444
2018-09-08 08:00:00+03:00,11.290285714285716,20.351714285714284,92.14571428571428,15.502857142857144
2018-09-08 09:00:00+03:00,7.142499999999999,12.829583333333334,77.70416666666667,18.545833333333334
2018-09-08 10:00:00+03:00,11.097560975609756,22.196341463414633,63.40243902439025,20.826829268292684
2018-09-08 11:00:00+03:00,19.39774193548387,35.88741935483871,54.75806451612903,22.919354838709676
2018-09-08 12:00:00+03:00,9.149166666666666,19.890277777777776,47.34722222222222,24.427777777777777
2018-09-08 13:00:00+03:00,5.828055555555555,13.071944444444444,43.855555555555554,25.208333333333332
2018-09-08 14:00:00+03:00,4.605142857142857,11.905999999999999,42.074285714285715,24.97142857142857
2018-09-08 15:00:00+03:00,4.834722222222222,12.360555555555557,44.96944444444445,23.563888888888886
2018-09-08 16:00:00+03:00,16.931891891891894,40.85513513513513,53.317142857142855,21.12857142857143
2018-09-08 17:00:00+03:00,9.959117647058823,26.59029411764706,57.705714285714286,19.974285714285713
2018-09-08 18:00:00+03:00,6.746666666666666,16.401666666666667,60.65277777777778,19.466666666666665
2018-09-08 19:00:00+03:00,4.344285714285714,9.080285714285715,68.57714285714285,18.16857142857143
2018-09-08 20:00:00+03:00,8.849444444444444,17.38416666666667,78.725,16.875
2018-09-08 21:00:00+03:00,9.749166666666667,21.16638888888889,86.6888888888889,15.694444444444445
2018-09-08 22:00:00+03:00,14.56777777777778,24.413333333333334,91.95555555555556,15.830555555555556
2018-09-08 23:00:00+03:00,12.345555555555556,22.110833333333332,93.76944444444445,15.730555555555554
2018-09-09 00:00:00+03:00,9.565833333333334,16.29888888888889,92.21666666666667,16.461111111111112
2018-09-09 01:00:00+03:00,8.5775,15.758333333333333,79.84444444444445,19.225
2018-09-09 02:00:00+03:00,7.362500000000001,15.90111111111111,64.10833333333333,21.733333333333334
2018-09-09 03:00:00+03:00,9.308,17.85914285714286,54.42,23.937142857142856
2018-09-09 04:00:00+03:00,7.786111111111111,18.139166666666668,45.974999999999994,25.25277777777778
2018-09-09 05:00:00+03:00,6.038611111111111,14.915555555555557,40.75555555555556,26.180555555555557
2018-09-09 06:00:00+03:00,9.892777777777777,19.32361111111111,38.36944444444444,26.15
2018-09-09 07:00:00+03:00,6.48,14.668611111111112,44.83888888888889,24.23611111111111
2018-09-09 08:00:00+03:00,9.708148148148148,22.770555555555553,55.801886792452834,21.703773584905658
2018-09-09 09:00:00+03:00,5.044915254237288,11.9,66.35000000000001,20.091379310344827
2018-09-09 10:00:00+03:00,3.036,6.996333333333334,77.605,18.541666666666668
2018-09-09 11:00:00+03:00,3.589,7.1075,90.06166666666667,17.19
2018-09-09 12:00:00+03:00,6.089152542372881,10.547966101694916,92.52203389830508,16.510169491525424
2018-09-09 13:00:00+03:00,8.3085,12.975333333333333,87.96333333333334,17.683333333333334
2018-09-09 14:00:00+03:00,11.99016393442623,19.9527868852459,64.86949152542373,22.059322033898304
2018-09-09 15:00:00+03:00,10.689833333333333,21.038166666666665,49.69666666666667,25.455
2018-09-09 16:00:00+03:00,16.742586206896554,26.41396551724138,42.786206896551725,26.574137931034482
2018-09-09 17:00:00+03:00,8.817166666666667,23.9495,51.63389830508475,23.7
2018-09-09 18:00:00+03:00,13.138166666666667,31.720833333333335,63.21666666666667,21.08
2018-09-09 19:00:00+03:00,13.956610169491526,22.282033898305087,60.003389830508475,22.677966101694917
2018-09-09 20:00:00+03:00,9.276666666666667,15.488666666666667,48.87,23.836666666666666
2018-09-09 21:00:00+03:00,10.404,18.156,54.715,21.363333333333333
2018-09-09 22:00:00+03:00,11.063166666666666,20.39466666666667,68.90666666666667,18.73166666666667
2018-09-09 23:00:00+03:00,10.348666666666666,18.2245,84.99666666666667,16.88
2018-09-10 00:00:00+03:00,8.204310344827586,13.092413793103448,91.81016949152543,16.24576271186441
2018-09-10 01:00:00+03:00,9.08,15.12311475409836,92.63389830508474,15.986440677966103
2018-09-10 02:00:00+03:00,12.271666666666667,20.582666666666668,93.24166666666666,15.818333333333333
2018-09-10 03:00:00+03:00,14.184499999999998,22.396,67.3,21.076666666666664
2018-09-10 04:00:00+03:00,15.706666666666667,26.05483333333333,47.945,25.175
2018-09-10 05:00:00+03:00,9.237166666666667,15.742833333333333,42.434999999999995,25.779999999999998
2018-09-10 06:00:00+03:00,8.524237288135593,15.849152542372881,51.14915254237288,22.538983050847456
2018-09-10 07:00:00+03:00,6.895818181818181,14.90490909090909,61.41481481481482,19.59259259259259
2018-09-10 08:00:00+03:00,9.499166666666666,19.17354166666667,73.14999999999999,17.308333333333334
2018-09-10 09:00:00+03:00,5.685510204081632,12.6,76.71224489795918,16.79795918367347
2018-09-10 10:00:00+03:00,7.681379310344827,17.983103448275862,82.72241379310344,15.722413793103447
2018-09-10 11:00:00+03:00,19.517413793103447,42.32879310344828,88.57288135593221,14.084745762711865
2018-09-10 12:00:00+03:00,24.954166666666666,47.49483333333333,77.01864406779661,17.044067796610168
2018-09-10 13:00:00+03:00,10.931864406779662,18.396440677966105,61.60677966101695,21.135593220338983
2018-09-10 14:00:00+03:00,13.248474576271185,22.36864406779661,48.93666666666666,25.171666666666667
2018-09-10 15:00:00+03:00,6.704642857142857,14.418035714285713,39.10322580645161,26.683870967741935
2018-09-10 16:00:00+03:00,9.421272727272726,20.336909090909092,46.092063492063495,23.81111111111111
2018-09-10 17:00:00+03:00,15.882166666666667,39.8655,56.82166666666667,20.995
2018-09-10 18:00:00+03:00,4.499152542372881,11.916440677966103,75.64262295081967,19.1327868852459
2018-09-10 19:00:00+03:00,3.192833333333333,8.1605,90.93333333333334,17.563333333333333
2018-09-10 20:00:00+03:00,7.707413793103448,15.100172413793102,94.58965517241379,16.925862068965518
2018-09-10 21:00:00+03:00,9.442372881355933,16.67050847457627,95.01525423728813,16.827118644067795
2018-09-10 22:00:00+03:00,8.476779661016948,13.786610169491524,82.01525423728813,20.096610169491527
2018-09-10 23:00:00+03:00,10.587833333333332,18.882833333333334,59.62166666666667,24.41
2018-09-11 00:00:00+03:00,7.9415000000000004,16.48,43.05,27.191666666666666
2018-09-11 01:00:00+03:00,5.922,12.878833333333334,46.06333333333334,25.706666666666667
2018-09-11 02:00:00+03:00,11.357833333333334,26.14816666666667,67.37666666666667,21.663333333333334
2018-09-11 03:00:00+03:00,6.530677966101695,11.973389830508474,93.86065573770492,17.354098360655737
2018-09-11 04:00:00+03:00,4.3805,8.561166666666667,94.15333333333334,16.64
2018-09-11 05:00:00+03:00,5.169016393442623,12.633114754098361,93.57377049180327,16.34262295081967
2018-09-11 06:00:00+03:00,13.379666666666667,28.751666666666665,95.78666666666666,15.153333333333334
2018-09-11 07:00:00+03:00,6.205333333333333,13.887666666666666,90.10819672131149,17.70327868852459
2018-09-11 08:00:00+03:00,10.506607142857144,18.89875,72.86071428571428,22.075
2018-09-11 09:00:00+03:00,11.187021276595743,20.85340425531915,57.35531914893617,24.782978723404256
2018-09-11 10:00:00+03:00,6.745744680851064,13.838297872340425,46.28695652173913,26.904347826086955
2018-09-11 11:00:00+03:00,5.621041666666667,11.805625,46.33958333333334,26.135416666666668
2018-09-11 12:00:00+03:00,7.001874999999999,15.701458333333333,55.28297872340426,23.32340425531915
2018-09-11 13:00:00+03:00,9.291489361702128,20.434255319148935,81.7936170212766,19.38936170212766
2018-09-11 14:00:00+03:00,5.914893617021277,14.149999999999999,76.90851063829787,18.761702127659575
2018-09-11 15:00:00+03:00,4.976041666666666,11.917291666666666,89.77291666666667,16.860416666666666
2018-09-11 16:00:00+03:00,3.6848936170212765,8.141914893617022,94.57872340425531,16.051063829787232
2018-09-11 17:00:00+03:00,4.6759574468085106,9.14787234042553,97.47021276595746,15.706382978723406
2018-09-11 18:00:00+03:00,8.463023255813953,16.19651162790698,95.97674418604652,16.093023255813954
2018-09-11 19:00:00+03:00,8.466410256410256,14.666923076923077,92.14358974358974,17.83076923076923
2018-09-11 20:00:00+03:00,7.379347826086956,12.439782608695653,74.71249999999999,21.770833333333332
2018-09-11 21:00:00+03:00,13.505,23.909166666666668,56.137499999999996,24.806250000000002
2018-09-11 22:00:00+03:00,9.727291666666668,17.8225,48.62553191489362,26.52127659574468
2018-09-11 23:00:00+03:00,10.558541666666667,20.91,47.270833333333336,25.8
2018-09-12 00:00:00+03:00,8.584545454545456,16.260454545454547,75.9159090909091,21.231818181818184
2018-09-12 01:00:00+03:00,16.90575,28.017500000000002,89.6625,19.5775
2018-09-12 02:00:00+03:00,9.236595744680852,16.117234042553193,90.09166666666665,18.645833333333332
2018-09-12 03:00:00+03:00,4.488723404255319,10.012340425531914,85.92340425531916,17.891489361702128
2018-09-12 04:00:00+03:00,4.913749999999999,11.062708333333333,90.71666666666665,16.797916666666666
2018-09-12 05:00:00+03:00,5.488125,12.334791666666668,94.70416666666667,15.822916666666666
2018-09-12 06:00:00+03:00,10.316875,19.714166666666667,98.93541666666665,15.731250000000001
2018-09-12 07:00:00+03:00,10.071914893617022,18.59,93.18510638297872,17.94255319148936
2018-09-12 08:00:00+03:00,9.560212765957447,17.305106382978725,75.18695652173913,22.539130434782606
2018-09-12 09:00:00+03:00,13.108541666666667,20.569583333333334,65.41836734693878,24.228571428571428
2018-09-12 10:00:00+03:00,17.26859649122807,28.221578947368425,52.42280701754386,26.614035087719298
2018-09-12 11:00:00+03:00,9.38017543859649,19.867894736842107,50.1578947368421,25.466666666666665
2018-09-12 12:00:00+03:00,8.584528301886793,18.47943396226415,61.434615384615384,22.053846153846152
2018-09-12 13:00:00+03:00,7.4736206896551725,17.42189655172414,72.08448275862068,20.044827586206896
2018-09-12 14:00:00+03:00,6.157758620689655,12.523275862068965,81.9396551724138,18.21896551724138
2018-09-12 15:00:00+03:00,4.357796610169491,8.929661016949153,90.74915254237288,17.016949152542374
2018-09-12 16:00:00+03:00,6.58551724137931,13.49448275862069,97.92166666666667,16.253333333333334
2018-09-12 17:00:00+03:00,12.315254237288135,21.184745762711866,94.5457627118644,17.79322033898305
2018-09-12 18:00:00+03:00,8.554576271186441,14.667966101694915,78.52542372881356,21.806779661016947
2018-09-12 19:00:00+03:00,11.116610169491524,19.184406779661018,55.5,25.53559322033898
2018-09-12 20:00:00+03:00,5.987118644067797,12.659491525423729,50.13559322033898,25.805084745762713
2018-09-12 21:00:00+03:00,8.690188679245283,17.233584905660376,56.45490196078431,23.341176470588238
2018-09-12 22:00:00+03:00,8.134576271186441,17.64406779661017,74.05593220338983,21.17627118644068
2018-09-12 23:00:00+03:00,6.397118644067796,12.69728813559322,83.91525423728814,19.547457627118643
2018-09-13 00:00:00+03:00,6.364333333333334,12.536,90.31,18.516666666666666
2018-09-13 01:00:00+03:00,6.3501666666666665,12.726333333333335,96.21666666666667,17.015
2018-09-13 02:00:00+03:00,8.9635,16.609166666666667,98.32166666666667,16.736666666666668
2018-09-13 03:00:00+03:00,7.493833333333333,13.245166666666668,91.78333333333333,19.538333333333334
2018-09-13 04:00:00+03:00,11.964166666666667,21.5975,67.65166666666667,23.66166666666667
2018-09-13 05:00:00+03:00,3.556166666666667,7.667833333333333,50.13,26.075
2018-09-13 06:00:00+03:00,5.827118644067797,13.537627118644068,67.57966101694915,22.908474576271185
2018-09-13 07:00:00+03:00,8.922833333333333,16.680166666666665,90.21186440677967,19.29322033898305
2018-09-13 08:00:00+03:00,6.806166666666667,12.216166666666668,93.52833333333334,18.296666666666667
2018-09-13 09:00:00+03:00,5.222413793103448,9.462758620689655,95.42542372881357,17.76779661016949
2018-09-13 10:00:00+03:00,5.132881355932203,9.452881355932204,98.11525423728814,16.971186440677968
2018-09-13 11:00:00+03:00,7.173333333333334,13.849333333333334,98.7409090909091,16.702272727272728
2018-09-13 12:00:00+03:00,12.576285714285715,24.306857142857144,99.69444444444444,16.475
2018-09-13 13:00:00+03:00,7.084444444444444,12.15425925925926,92.17090909090908,19.74909090909091
2018-09-13 14:00:00+03:00,10.540425531914893,19.499148936170215,69.20208333333333,23.65416666666667
2018-09-13 15:00:00+03:00,5.962941176470588,11.90607843137255,56.263999999999996,25.71
2018-09-13 16:00:00+03:00,7.436071428571429,16.96410714285714,78.94727272727273,21.405454545454546
2018-09-13 17:00:00+03:00,8.069056603773586,16.844528301886793,88.0490566037736,19.72830188679245
2018-09-13 18:00:00+03:00,7.26,14.905384615384616,92.39423076923077,18.86346153846154
2018-09-13 19:00:00+03:00,11.269137931034482,20.882241379310347,97.34137931034483,17.27758620689655
2018-09-13 20:00:00+03:00,10.532033898305084,21.58050847457627,99.65263157894736,16.312280701754386
2018-09-13 21:00:00+03:00,10.488620689655173,20.039827586206897,95.375,18.057142857142857
2018-09-13 22:00:00+03:00,10.967804878048781,19.47268292682927,72.53333333333333,22.40864197530864
2018-09-13 23:00:00+03:00,7.284404761904762,14.928214285714287,47.36547619047619,25.646428571428572
2018-09-14 00:00:00+03:00,7.436543209876543,15.982716049382715,77.84457831325301,20.25542168674699
2018-09-14 01:00:00+03:00,5.440240963855422,11.250361445783133,90.96265060240964,18.33132530120482
2018-09-14 02:00:00+03:00,7.624166666666666,14.5525,97.8952380952381,17.058333333333334
2018-09-14 03:00:00+03:00,7.493333333333334,13.906666666666668,92.09642857142858,19.077380952380953
2018-09-14 04:00:00+03:00,7.017710843373495,14.023855421686747,60.70722891566265,23.832530120481927
2018-09-14 05:00:00+03:00,3.792467532467532,9.920389610389611,49.21410256410256,24.101282051282052
2018-09-14 06:00:00+03:00,5.635,12.541785714285714,67.5202380952381,20.501190476190477
2018-09-14 07:00:00+03:00,5.021547619047619,11.068571428571428,86.53214285714286,18.002380952380953
2018-09-14 08:00:00+03:00,5.791927710843374,11.75710843373494,96.53975903614457,16.70843373493976
2018-09-14 09:00:00+03:00,7.576385542168675,14.941445783132531,97.67951807228916,16.246987951807228
2018-09-14 10:00:00+03:00,9.485238095238095,18.206309523809523,72.60952380952381,20.648809523809526
2018-09-14 11:00:00+03:00,6.055128205128205,12.807307692307692,50.764102564102565,23.625641025641023
2018-09-14 12:00:00+03:00,5.726172839506173,12.017160493827161,59.88375,22.0
2018-09-14 13:00:00+03:00,8.743734939759037,16.693493975903614,82.35764705882353,19.04705882352941
2018-09-14 14:00:00+03:00,5.989639639639639,10.898558558558559,95.26846846846846,16.7009009009009
2018-09-14 15:00:00+03:00,5.869634146341464,10.186341463414633,99.9,14.676829268292684
2018-09-14 16:00:00+03:00,9.022409638554217,14.9755421686747,99.9,14.866265060240965
2018-09-14 17:00:00+03:00,14.606279069767442,22.38674418604651,99.22558139534884,16.655813953488373
2018-09-14 18:00:00+03:00,14.417142857142858,23.284285714285716,99.67714285714287,16.297142857142855
2018-09-14 19:00:00+03:00,16.810303030303032,24.965454545454545,99.56666666666668,16.71818181818182
2018-09-14 20:00:00+03:00,13.713823529411764,21.753235294117648,97.76060606060605,17.939393939393938
2018-09-14 21:00:00+03:00,10.041714285714285,17.432285714285715,94.49142857142857,19.374285714285715
2018-09-14 22:00:00+03:00,8.935714285714285,18.560285714285715,93.40857142857143,18.84857142857143
2018-09-14 23:00:00+03:00,11.993055555555555,22.97027777777778,96.76666666666667,17.202777777777776
2018-09-15 00:00:00+03:00,11.94142857142857,20.734285714285715,98.74857142857142,16.84
2018-09-15 01:00:00+03:00,7.474571428571429,12.229142857142856,99.79428571428572,16.608571428571427
2018-09-15 02:00:00+03:00,12.641388888888889,17.105833333333333,99.9,16.147222222222226
2018-09-15 03:00:00+03:00,9.59611111111111,13.138333333333334,99.9,15.777777777777779
2018-09-15 04:00:00+03:00,18.64361111111111,33.69777777777777,99.9,15.505555555555556
2018-09-15 05:00:00+03:00,13.362777777777778,23.530555555555555,99.9,15.200000000000001
2018-09-15 06:00:00+03:00,23.690833333333334,41.892222222222216,99.9,15.222222222222221
2018-09-15 07:00:00+03:00,23.239444444444445,38.61527777777778,99.9,16.125
2018-09-15 08:00:00+03:00,18.982777777777777,28.274166666666666,99.38333333333334,16.22222222222222
2018-09-15 09:00:00+03:00,16.267142857142858,24.026,97.78857142857143,16.768571428571427
2018-09-15 10:00:00+03:00,15.132857142857143,21.54,93.16571428571429,18.525714285714287
2018-09-15 11:00:00+03:00,19.794444444444444,28.983333333333334,88.90571428571428,20.197142857142858
2018-09-15 12:00:00+03:00,18.464444444444446,32.365,90.57777777777778,19.897222222222222
2018-09-15 13:00:00+03:00,15.111714285714285,29.180285714285713,93.07142857142857,19.17142857142857
2018-09-15 14:00:00+03:00,21.71777777777778,42.69444444444444,95.53333333333333,17.719444444444445
2018-09-15 15:00:00+03:00,26.87485714285714,44.894,98.68857142857142,16.64857142857143
2018-09-15 16:00:00+03:00,30.271428571428572,47.287142857142854,99.9,15.562857142857144
2018-09-15 17:00:00+03:00,30.619999999999997,47.902352941176474,99.9,15.502857142857144
2018-09-15 18:00:00+03:00,30.487222222222222,45.327777777777776,99.9,15.531428571428572
2018-09-15 19:00:00+03:00,19.194285714285712,26.731714285714286,99.9,15.113888888888889
2018-09-15 20:00:00+03:00,21.47742857142857,34.49371428571428,99.9,15.317142857142859
2018-09-15 21:00:00+03:00,17.423333333333332,24.488611111111112,99.9,15.35277777777778
2018-09-15 22:00:00+03:00,18.77777777777778,25.049166666666665,99.9,15.336111111111112
2018-09-15 23:00:00+03:00,16.566111111111113,21.625833333333333,99.9,16.219444444444445
2018-09-16 00:00:00+03:00,15.088055555555554,21.119722222222222,99.55277777777778,17.383333333333333
2018-09-16 01:00:00+03:00,26.128888888888888,34.115,97.46666666666667,19.044444444444444
2018-09-16 02:00:00+03:00,19.621666666666666,29.504444444444445,95.37777777777778,20.005555555555556
2018-09-16 03:00:00+03:00,6.778333333333333,11.45111111111111,97.67777777777778,19.044444444444444
2018-09-16 04:00:00+03:00,11.92361111111111,15.937777777777777,98.73611111111111,19.01111111111111
2018-09-16 05:00:00+03:00,13.859189189189188,20.307837837837837,98.70285714285714,18.88
2018-09-16 06:00:00+03:00,9.65611111111111,16.643888888888892,98.92222222222222,18.641666666666666
2018-09-16 07:00:00+03:00,15.35142857142857,27.263142857142856,99.66857142857143,17.95142857142857
2018-09-16 08:00:00+03:00,5.3825,7.248611111111111,99.9,17.494444444444444
2018-09-16 09:00:00+03:00,6.080555555555556,8.755277777777778,99.9,17.202777777777776
2018-09-16 10:00:00+03:00,7.08060606060606,8.927575757575758,99.9,16.94242424242424
2018-09-16 11:00:00+03:00,4.510277777777778,5.717222222222222,99.9,16.827777777777776
2018-09-16 12:00:00+03:00,6.814166666666667,8.679444444444444,99.9,16.461111111111112
2018-09-16 13:00:00+03:00,5.179714285714286,7.523999999999999,99.9,16.241666666666667
2018-09-16 14:00:00+03:00,9.904324324324325,15.620540540540542,99.9,16.071428571428573
2018-09-16 15:00:00+03:00,9.318888888888889,13.23388888888889,99.73333333333333,16.633333333333333
2018-09-16 16:00:00+03:00,6.618333333333333,9.532777777777778,96.00833333333334,18.97222222222222
2018-09-16 17:00:00+03:00,9.473055555555554,14.745000000000001,87.19166666666666,21.51111111111111
2018-09-16 18:00:00+03:00,10.208333333333334,19.044722222222223,80.03611111111111,22.53611111111111
2018-09-16 19:00:00+03:00,5.3892592592592585,10.492777777777778,81.17818181818183,21.73090909090909
2018-09-16 20:00:00+03:00,9.998928571428573,16.09482142857143,84.51071428571429,21.514285714285712
2018-09-16 21:00:00+03:00,13.641833333333333,25.107000000000003,98.04067796610168,18.537288135593222
2018-09-16 22:00:00+03:00,21.456333333333337,35.44583333333333,99.88000000000001,17.118333333333332
2018-09-16 23:00:00+03:00,11.229491525423729,19.643898305084747,99.9,17.037288135593222
2018-09-17 00:00:00+03:00,5.599500000000001,6.9905,99.9,16.266666666666666
2018-09-17 01:00:00+03:00,2.9478333333333335,5.209833333333333,99.9,15.695
2018-09-17 02:00:00+03:00,12.7425,20.776,99.9,16.325
2018-09-17 03:00:00+03:00,6.2905,9.824833333333334,97.78833333333334,19.259999999999998
2018-09-17 04:00:00+03:00,18.638305084745763,28.154576271186443,91.24067796610169,21.961016949152544
2018-09-17 05:00:00+03:00,6.687377049180328,11.780983606557378,89.78524590163934,21.837704918032784
2018-09-17 06:00:00+03:00,6.551228070175439,13.19280701754386,91.35263157894735,20.65438596491228
2018-09-17 07:00:00+03:00,13.651,23.252166666666664,98.72166666666666,17.828333333333333
2018-09-17 08:00:00+03:00,6.227586206896552,11.437413793103449,99.9,16.928813559322034
2018-09-17 09:00:00+03:00,5.003375,9.396625,99.9,16.37875
2018-09-17 10:00:00+03:00,5.502976190476191,9.867619047619048,99.9,15.76024096385542
2018-09-17 11:00:00+03:00,8.390357142857143,12.837738095238096,99.47590361445783,17.295180722891565
2018-09-17 12:00:00+03:00,17.155060240963856,27.178915662650603,95.99404761904762,19.732142857142858
2018-09-17 13:00:00+03:00,8.179638554216867,13.157469879518072,89.46463414634147,21.346341463414635
2018-09-17 14:00:00+03:00,9.302380952380952,16.899642857142858,91.9654761904762,19.373809523809523
2018-09-17 15:00:00+03:00,7.797301587301588,13.573015873015873,96.85079365079366,17.685714285714287
2018-09-17 16:00:00+03:00,7.873975903614458,13.100843373493975,99.47710843373494,16.725301204819278
2018-09-17 17:00:00+03:00,9.330731707317073,15.474146341463417,99.9,16.024390243902438
2018-09-17 18:00:00+03:00,11.535301204819278,18.32325301204819,99.5132530120482,17.373493975903614
2018-09-17 19:00:00+03:00,14.497906976744185,23.046627906976745,93.35714285714286,20.83809523809524
2018-09-17 20:00:00+03:00,6.567160493827161,10.969259259259259,84.53086419753086,22.71604938271605
2018-09-17 21:00:00+03:00,12.005176470588236,19.223176470588236,90.6421686746988,20.095180722891566
2018-09-17 22:00:00+03:00,14.91886075949367,23.882405063291138,97.82625,17.85625
2018-09-17 23:00:00+03:00,12.193333333333333,18.85154761904762,99.9,16.148192771084336
2018-09-18 00:00:00+03:00,16.122738095238095,24.466785714285713,99.9,15.601176470588234
2018-09-18 01:00:00+03:00,17.969761904761906,25.524880952380954,98.16829268292683,16.832926829268292
2018-09-18 02:00:00+03:00,8.345675675675675,13.339459459459459,84.41486486486487,22.7027027027027
2018-09-18 03:00:00+03:00,13.85164705882353,20.62329411764706,96.51411764705884,19.28235294117647
2018-09-18 04:00:00+03:00,9.575802469135802,15.048271604938273,97.98024691358025,18.01851851851852
2018-09-18 05:00:00+03:00,9.41578313253012,14.802289156626506,99.89638554216867,16.350602409638554
2018-09-18 06:00:00+03:00,9.636428571428572,15.576428571428572,96.95121951219512,19.169512195121953
2018-09-18 07:00:00+03:00,8.318333333333333,13.29892857142857,71.8452380952381,24.01904761904762
2018-09-18 08:00:00+03:00,7.5374390243902445,12.803658536585367,72.0867469879518,23.17590361445783
2018-09-18 09:00:00+03:00,17.4255421686747,30.06168674698795,92.60361445783133,19.303614457831326
2018-09-18 10:00:00+03:00,7.7515533980582525,14.089417475728157,97.71747572815534,18.236893203883497
2018-09-18 11:00:00+03:00,7.80031007751938,13.836744186046513,99.9,16.892913385826773
2018-09-18 12:00:00+03:00,5.781832061068702,9.768473282442748,88.49847328244275,21.968702290076337
2018-09-18 13:00:00+03:00,5.792727272727273,11.405757575757576,77.98837209302326,23.572868217054264
2018-09-18 14:00:00+03:00,12.296461538461537,22.78630769230769,99.76641221374047,18.164885496183206
2018-09-18 15:00:00+03:00,10.837709923664121,20.345725190839694,99.9,16.81923076923077
2018-09-18 16:00:00+03:00,13.683985507246378,24.21072463768116,98.68840579710145,18.663768115942027
2018-09-18 17:00:00+03:00,10.14203821656051,17.333184713375797,81.71708860759493,23.75126582278481
2018-09-18 18:00:00+03:00,16.65342105263158,30.443223684210526,98.87565789473685,19.031578947368423
2018-09-18 19:00:00+03:00,17.828074074074074,32.971037037037036,99.9,17.342537313432835
2018-09-18 20:00:00+03:00,14.312244897959184,24.201292517006802,96.6048275862069,20.44551724137931
2018-09-18 21:00:00+03:00,8.89,15.398903225806452,93.02129032258064,21.816774193548387
2018-09-18 22:00:00+03:00,14.191025641025643,25.359935897435896,99.9,17.144871794871793
2018-09-18 23:00:00+03:00,11.156129032258065,20.00258064516129,83.74935897435897,20.467307692307692
2018-09-19 00:00:00+03:00,6.395419354838709,11.830387096774194,87.08461538461539,20.49102564102564
2018-09-19 01:00:00+03:00,9.543806451612904,15.359612903225806,99.9,15.503870967741936
2018-09-19 02:00:00+03:00,10.093961038961039,15.88331168831169,67.56688311688312,23.17207792207792
2018-09-19 03:00:00+03:00,14.268089171974523,24.736178343949042,82.45096774193549,19.763870967741937
2018-09-19 04:00:00+03:00,14.811935483870966,22.127096774193546,99.81290322580645,16.84709677419355
2018-09-19 05:00:00+03:00,10.546338028169014,17.29556338028169,69.53216783216783,24.307692307692307
2018-09-19 06:00:00+03:00,10.65673076923077,20.023397435897436,77.60192307692307,20.769871794871793
2018-09-19 07:00:00+03:00,11.238589743589744,17.69057692307692,99.88846153846154,17.15705128205128
2018-09-19 08:00:00+03:00,10.251548387096774,17.194064516129032,70.10849673202614,25.109803921568627
2018-09-19 09:00:00+03:00,10.082127659574468,20.719787234042553,68.5836879432624,22.80709219858156
2018-09-19 10:00:00+03:00,9.268055555555556,17.323611111111113,96.66666666666667,18.860185185185188
2018-09-19 11:00:00+03:00,11.523023255813953,19.924418604651162,99.9,16.375968992248062
2018-09-19 12:00:00+03:00,7.81525974025974,13.945324675324676,73.18104575163399,24.00392156862745
2018-09-19 13:00:00+03:00,5.051111111111111,12.028194444444445,53.554482758620686,25.541379310344826
2018-09-19 14:00:00+03:00,4.1522499999999996,9.352916666666665,90.53949579831934,19.939495798319328
2018-09-19 15:00:00+03:00,3.8715841584158412,7.220693069306931,99.82647058823531,17.567647058823532
2018-09-19 16:00:00+03:00,6.792407407407408,11.76962962962963,97.67314814814816,19.39351851851852
2018-09-19 17:00:00+03:00,6.385566037735849,13.574716981132076,67.2877358490566,26.58207547169811
2018-09-19 18:00:00+03:00,3.796976744186047,12.170581395348838,60.88235294117647,26.297647058823532
2018-09-19 19:00:00+03:00,8.327976190476189,20.69392857142857,86.0202380952381,21.789285714285715
2018-09-19 20:00:00+03:00,4.949512195121951,10.746829268292682,99.9,17.603614457831323
2018-09-19 21:00:00+03:00,4.707560975609756,10.376585365853659,99.9,16.765853658536585
2018-09-19 22:00:00+03:00,5.998313253012048,9.513132530120481,99.9,16.987951807228917
2018-09-19 23:00:00+03:00,6.612500000000001,10.477619047619047,95.52738095238095,21.726190476190474
2018-09-20 00:00:00+03:00,9.973139534883721,18.665,81.25057471264368,25.01609195402299
2018-09-20 01:00:00+03:00,6.366122448979592,13.219285714285714,79.35204081632654,24.29285714285714
2018-09-20 02:00:00+03:00,5.498942307692308,12.332115384615385,92.7201923076923,20.458653846153844
2018-09-20 03:00:00+03:00,4.752592592592593,9.332962962962963,98.55,17.70277777777778
2018-09-20 04:00:00+03:00,7.685420560747664,12.805233644859813,99.70747663551403,17.377570093457944
2018-09-20 05:00:00+03:00,14.22803738317757,25.541308411214953,88.35607476635515,23.929906542056074
2018-09-20 06:00:00+03:00,12.228532110091743,22.08669724770642,99.9,20.36788990825688
2018-09-20 07:00:00+03:00,9.943818181818182,16.671727272727274,99.9,17.675
2018-09-20 08:00:00+03:00,11.437547169811321,18.11622641509434,99.9,16.690654205607476
2018-09-20 09:00:00+03:00,12.097075471698114,19.0738679245283,99.90000000000002,17.908490566037734
2018-09-20 10:00:00+03:00,11.937325581395347,18.38593023255814,99.9,18.14166666666667
2018-09-20 11:00:00+03:00,10.084698795180723,15.783132530120483,99.9,17.187951807228913
2018-09-20 12:00:00+03:00,14.465119047619046,22.744166666666665,99.9,16.982142857142858
2018-09-20 13:00:00+03:00,9.493734939759037,15.345180722891564,99.9,21.46987951807229
2018-09-20 14:00:00+03:00,5.344470588235294,10.48235294117647,91.0870588235294,23.24705882352941
2018-09-20 15:00:00+03:00,12.133191489361701,19.836702127659574,99.76702127659574,19.21063829787234
2018-09-20 16:00:00+03:00,12.809724770642202,20.497798165137617,99.9,17.22710280373832
2018-09-20 17:00:00+03:00,8.100841121495327,14.205794392523364,90.04285714285714,23.31047619047619
2018-09-20 18:00:00+03:00,5.790747663551402,12.932242990654206,59.17289719626168,23.813084112149532
2018-09-20 19:00:00+03:00,10.746168224299065,19.06355140186916,95.35607476635515,17.94018691588785
2018-09-20 20:00:00+03:00,8.53803738317757,15.189439252336449,99.9,15.14766355140187
2018-09-20 21:00:00+03:00,7.864166666666667,13.794537037037037,83.46355140186917,21.19906542056075
2018-09-20 22:00:00+03:00,6.297102803738317,13.338504672897196,46.40747663551402,25.599999999999998
2018-09-20 23:00:00+03:00,11.622314814814816,22.987314814814816,75.83888888888889,19.673148148148147
2018-09-21 00:00:00+03:00,4.474036697247707,8.260917431192661,99.9,17.198165137614676
2018-09-21 01:00:00+03:00,7.841574074074074,13.648518518518518,99.9,19.96822429906542
2018-09-21 02:00:00+03:00,13.853271028037383,24.297009345794393,95.05046728971962,23.142990654205608
2018-09-21 03:00:00+03:00,14.10898148148148,22.345925925925926,99.90000000000002,17.652830188679246
2018-09-21 04:00:00+03:00,8.133703703703704,11.657592592592593,99.9,16.978703703703705
2018-09-21 05:00:00+03:00,8.347909090909091,12.579727272727272,99.9,17.93611111111111
2018-09-21 06:00:00+03:00,6.3030188679245285,10.921603773584906,98.73177570093459,22.88504672897196
2018-09-21 07:00:00+03:00,3.521588785046729,6.831308411214954,78.56037735849057,25.099999999999998
2018-09-21 08:00:00+03:00,7.73566037735849,14.226320754716982,99.9,19.931775700934576
2018-09-21 09:00:00+03:00,8.275,12.531666666666668,99.9,18.008411214953274
2018-09-21 10:00:00+03:00,10.418113207547169,16.09235849056604,99.90000000000002,17.450943396226414
2018-09-21 11:00:00+03:00,10.220392156862745,15.248529411764705,99.9,20.45098039215686
2018-09-21 12:00:00+03:00,9.65443396226415,17.870849056603774,99.90000000000002,23.00754716981132
2018-09-21 13:00:00+03:00,6.659809523809524,10.745238095238095,99.9,20.442857142857143
2018-09-21 14:00:00+03:00,5.911078431372548,9.164313725490196,99.90000000000002,17.697029702970294
2018-09-21 15:00:00+03:00,5.46859375,8.608515625,99.9,16.57519379844961
2018-09-21 16:00:00+03:00,5.7846153846153845,9.007692307692308,99.9,18.345384615384617
2018-09-21 17:00:00+03:00,9.272459016393443,15.775737704918033,99.9,21.23801652892562
2018-09-21 18:00:00+03:00,7.830192307692308,13.692307692307692,99.9,19.898058252427184
2018-09-21 19:00:00+03:00,6.505471698113208,10.720283018867924,99.9,17.778504672897196
2018-09-21 20:00:00+03:00,5.792870370370371,10.062407407407408,99.9,16.539252336448598
2018-09-21 21:00:00+03:00,9.927641509433961,15.861981132075472,99.9,19.327102803738317
2018-09-21 22:00:00+03:00,8.553584905660378,14.643773584905661,99.9,22.902803738317758
2018-09-21 23:00:00+03:00,8.343106796116505,14.870194174757282,99.9,18.888235294117646
2018-09-22 00:00:00+03:00,5.700361445783132,9.88867469879518,99.9,17.342168674698794
2018-09-22 01:00:00+03:00,7.575762711864407,12.863898305084746,99.9,16.616666666666667
2018-09-22 02:00:00+03:00,11.690491803278688,19.33622950819672,99.9,21.366666666666667
2018-09-22 03:00:00+03:00,5.081333333333333,9.001333333333333,97.13666666666667,24.128333333333334
2018-09-22 04:00:00+03:00,4.536065573770491,8.561967213114754,97.28524590163934,23.770491803278688
2018-09-22 05:00:00+03:00,8.886166666666666,16.535166666666665,99.89000000000001,20.241666666666667
2018-09-22 06:00:00+03:00,10.913,18.953,99.9,19.088
2018-09-22 07:00:00+03:00,7.698666666666667,14.298444444444444,99.89999999999999,18.6046511627907
2018-09-22 08:00:00+03:00,6.251,11.250666666666666,99.9,17.081666666666667
2018-09-22 09:00:00+03:00,6.267704918032787,11.307704918032787,99.9,16.218032786885246
2018-09-22 10:00:00+03:00,8.6248,14.4176,99.9,16.646
2018-09-22 11:00:00+03:00,7.849038461538461,13.711346153846154,99.9,18.43076923076923
2018-09-22 12:00:00+03:00,9.424406779661016,14.705423728813559,99.9,21.883050847457625
2018-09-22 13:00:00+03:00,9.946499999999999,16.800833333333333,99.73,23.863333333333333
2018-09-22 14:00:00+03:00,5.783,10.548,96.52459016393442,23.913114754098363
2018-09-22 15:00:00+03:00,7.027536231884057,13.204202898550726,98.92835820895522,20.934328358208955
2018-09-22 16:00:00+03:00,9.777142857142858,17.700119047619047,99.9,18.23333333333333
2018-09-22 17:00:00+03:00,6.788809523809523,12.20345238095238,99.9,17.325
2018-09-22 18:00:00+03:00,7.502048192771084,13.656626506024097,99.9,16.45301204819277
2018-09-22 19:00:00+03:00,11.758823529411766,21.045764705882355,99.9,17.11686746987952
2018-09-22 20:00:00+03:00,7.756666666666666,13.511190476190476,99.17619047619048,22.222619047619048
2018-09-22 21:00:00+03:00,4.10046875,7.94328125,90.0484375,24.4046875
2018-09-22 22:00:00+03:00,7.752166666666667,14.615833333333335,96.07796610169493,22.354237288135593
2018-09-22 23:00:00+03:00,11.303333333333335,21.672666666666665,99.9,19.13728813559322
2018-09-23 00:00:00+03:00,10.898333333333333,22.4495,99.9,17.832203389830507
2018-09-23 01:00:00+03:00,8.012,15.045833333333333,99.9,17.28166666666667
2018-09-23 02:00:00+03:00,6.677333333333333,12.194666666666667,99.9,16.758333333333333
2018-09-23 03:00:00+03:00,6.242500000000001,11.248833333333332,99.9,16.576666666666668
2018-09-23 04:00:00+03:00,6.3273770491803285,10.202622950819672,99.9,17.13050847457627
2018-09-23 05:00:00+03:00,10.871147540983607,17.634918032786885,99.9,20.549180327868854
2018-09-23 06:00:00+03:00,3.3194999999999997,5.993666666666667,99.9,22.973333333333336
2018-09-23 07:00:00+03:00,3.5628333333333333,6.173333333333333,99.9,22.815
2018-09-23 08:00:00+03:00,6.0183333333333335,11.058833333333332,99.9,19.828333333333333
2018-09-23 09:00:00+03:00,6.723728813559322,10.94593220338983,99.9,16.688333333333333
2018-09-23 10:00:00+03:00,5.145833333333333,8.2835,99.9,16.636666666666667
2018-09-23 11:00:00+03:00,5.807704918032787,10.342622950819672,99.9,16.485
2018-09-23 12:00:00+03:00,3.9123333333333337,6.2733333333333325,99.9,15.940677966101696
2018-09-23 13:00:00+03:00,4.67135593220339,7.71406779661017,99.9,16.70677966101695
2018-09-23 14:00:00+03:00,5.162333333333334,8.149,99.9,19.10666666666667
2018-09-23 15:00:00+03:00,14.854915254237289,23.53220338983051,99.9,21.837288135593223
2018-09-23 16:00:00+03:00,8.470677966101695,14.067288135593222,99.9,22.466666666666665
2018-09-23 17:00:00+03:00,5.628852459016394,8.979344262295083,99.9,18.481967213114757
2018-09-23 18:00:00+03:00,13.091694915254237,19.583898305084748,99.9,16.498305084745763
2018-09-23 19:00:00+03:00,9.071967213114753,13.494918032786886,99.9,16.496610169491525
2018-09-23 20:00:00+03:00,6.990175438596491,11.18017543859649,99.9,16.275862068965516
2018-09-23 21:00:00+03:00,5.730847457627119,9.35864406779661,99.9,15.932203389830509
2018-09-23 22:00:00+03:00,6.320166666666666,10.628666666666668,99.9,16.145
2018-09-23 23:00:00+03:00,5.764516129032257,8.880322580645162,99.9,18.336666666666666
2018-09-24 00:00:00+03:00,7.7735,13.464666666666666,99.9,21.883333333333333
2018-09-24 01:00:00+03:00,2.873166666666667,4.797833333333333,99.9,23.083333333333332
2018-09-24 02:00:00+03:00,2.9795000000000003,5.5024999999999995,99.9,23.188333333333333
2018-09-24 03:00:00+03:00,9.311475409836065,18.287868852459017,99.9,20.38360655737705
2018-09-24 04:00:00+03:00,6.972166666666666,12.371,99.9,18.35
2018-09-24 05:00:00+03:00,8.001864406779662,13.062881355932204,99.9,17.564912280701755
2018-09-24 06:00:00+03:00,6.826666666666667,11.696499999999999,99.9,17.438333333333333
2018-09-24 07:00:00+03:00,8.518947368421053,14.836666666666668,99.9,16.903508771929825
2018-09-24 08:00:00+03:00,8.658474576271187,14.51593220338983,99.9,17.66896551724138
2018-09-24 09:00:00+03:00,6.998875,10.531875,99.9,20.302500000000002
2018-09-24 10:00:00+03:00,4.592439024390243,7.223414634146342,99.9,23.4358024691358
2018-09-24 11:00:00+03:00,5.093116883116883,8.837662337662337,99.9,22.49871794871795
2018-09-24 12:00:00+03:00,9.485747126436781,16.4467816091954,99.89999999999999,18.880232558139536
2018-09-24 13:00:00+03:00,8.467835051546391,14.808865979381444,99.9,17.04639175257732
2018-09-24 14:00:00+03:00,7.592222222222222,13.661111111111111,99.9,16.363492063492064
2018-09-24 15:00:00+03:00,9.583709677419355,17.148548387096774,99.9,16.35322580645161
2018-09-24 16:00:00+03:00,10.784647887323944,18.029154929577462,99.9,18.421126760563382
2018-09-24 17:00:00+03:00,12.449,19.850571428571428,99.9,20.84
2018-09-24 18:00:00+03:00,6.4220289855072465,10.394347826086957,99.9,22.06086956521739
2018-09-24 19:00:00+03:00,10.588142857142856,18.114142857142856,99.9,19.177142857142858
2018-09-24 20:00:00+03:00,14.382112676056337,23.93507042253521,99.9,16.653521126760566
2018-09-24 21:00:00+03:00,9.336285714285713,16.138428571428573,99.9,16.434285714285714
2018-09-24 22:00:00+03:00,7.883768115942029,14.422898550724637,99.9,16.18840579710145
2018-09-24 23:00:00+03:00,7.035774647887324,13.494647887323945,99.9,15.202816901408452
2018-09-25 00:00:00+03:00,4.846521739130435,9.007826086956522,99.9,19.012857142857143
2018-09-25 01:00:00+03:00,4.179861111111111,8.026111111111112,99.9,21.950000000000003
2018-09-25 02:00:00+03:00,9.053333333333333,16.520289855072466,99.9,17.944927536231884
2018-09-25 03:00:00+03:00,10.933239436619719,20.350281690140843,99.9,15.939130434782609
2018-09-25 04:00:00+03:00,9.249718309859155,17.993098591549295,99.9,15.681690140845072
2018-09-25 05:00:00+03:00,7.584428571428571,15.894285714285713,99.9,16.047142857142855
2018-09-25 06:00:00+03:00,10.045,19.20448275862069,99.9,16.36842105263158
2018-09-25 07:00:00+03:00,7.597910447761194,13.445074626865672,99.9,17.994029850746266
2018-09-25 08:00:00+03:00,19.08823529411765,37.67088235294118,99.9,21.452238805970147
2018-09-25 09:00:00+03:00,5.306619718309859,9.790281690140846,99.9,20.8
2018-09-25 10:00:00+03:00,10.23536231884058,18.623333333333335,99.9,19.120289855072464
2018-09-25 11:00:00+03:00,16.110697674418603,26.49453488372093,99.9,17.06551724137931
2018-09-25 12:00:00+03:00,16.782500000000002,31.170096153846153,99.9,17.05242718446602
2018-09-25 13:00:00+03:00,9.98622641509434,17.381509433962265,99.9,16.885436893203885
2018-09-25 14:00:00+03:00,12.954859813084113,18.88177570093458,99.90000000000002,21.079245283018867
2018-09-25 15:00:00+03:00,4.591359223300971,7.824174757281553,99.9,21.53557692307692
2018-09-25 16:00:00+03:00,6.795288461538462,10.889423076923077,99.9,17.67904761904762
2018-09-25 17:00:00+03:00,5.452761904761904,9.133238095238095,99.9,16.73142857142857
2018-09-25 18:00:00+03:00,5.279047619047619,9.49104761904762,99.9,16.198076923076925
2018-09-25 19:00:00+03:00,8.999423076923076,14.322403846153845,99.9,19.053846153846152
2018-09-25 20:00:00+03:00,7.743627450980393,13.093627450980392,99.9,22.311764705882354
2018-09-25 21:00:00+03:00,10.148666666666665,16.51390476190476,99.90000000000002,17.402830188679246
2018-09-25 22:00:00+03:00,5.507904761904762,10.0,99.9,16.95
2018-09-25 23:00:00+03:00,10.926,19.58419047619048,99.9,18.15142857142857
2018-09-26 00:00:00+03:00,8.066057692307693,15.017115384615384,99.9,16.82
2018-09-26 01:00:00+03:00,8.612452830188678,14.358396226415094,99.9,17.75904761904762
2018-09-26 02:00:00+03:00,10.055943396226416,16.668490566037736,99.9,23.05514018691589
2018-09-26 03:00:00+03:00,13.947870370370369,23.428055555555556,99.9,19.600925925925928
2018-09-26 04:00:00+03:00,14.72877358490566,25.73235849056604,99.90000000000002,17.421698113207547
2018-09-26 05:00:00+03:00,10.590183486238532,18.89577981651376,99.9,16.840740740740742
2018-09-26 06:00:00+03:00,11.686055045871559,18.08532110091743,99.9,21.257943925233644
2018-09-26 07:00:00+03:00,13.275327102803738,21.1392523364486,99.80095238095238,24.93047619047619
2018-09-26 08:00:00+03:00,20.977757009345794,35.89785046728972,99.9,20.285046728971963
2018-09-26 09:00:00+03:00,14.782314814814814,24.59537037037037,99.9,17.868518518518517
2018-09-26 10:00:00+03:00,14.049174311926604,25.34816513761468,99.9,17.47289719626168
2018-09-26 11:00:00+03:00,14.917102803738318,25.689999999999998,99.90000000000002,21.183018867924527
2018-09-26 12:00:00+03:00,8.689166666666667,14.798518518518518,99.9,24.587962962962962
2018-09-26 13:00:00+03:00,8.547009345794391,15.520467289719626,99.9,21.21588785046729
2018-09-26 14:00:00+03:00,10.955480769230768,19.858846153846155,99.9,18.08235294117647
2018-09-26 15:00:00+03:00,8.188396226415094,15.914056603773586,99.9,17.526666666666667
2018-09-26 16:00:00+03:00,7.735046728971962,11.762990654205609,99.9,17.313084112149532
2018-09-26 17:00:00+03:00,6.483469387755102,9.528775510204083,99.9,21.21326530612245
2018-09-26 18:00:00+03:00,13.537281553398058,23.15135922330097,99.90000000000002,21.9019801980198
2018-09-26 19:00:00+03:00,15.161682242990654,25.178878504672895,99.9,17.742056074766356
2018-09-26 20:00:00+03:00,8.079719626168224,14.82373831775701,99.9,16.919047619047618
2018-09-26 21:00:00+03:00,10.591467889908257,18.55348623853211,99.9,17.09626168224299
2018-09-26 22:00:00+03:00,18.99607476635514,34.85841121495327,99.9,21.49532710280374
2018-09-26 23:00:00+03:00,10.287614678899082,18.067522935779817,99.9,24.05981308411215
2018-09-27 00:00:00+03:00,9.559245283018868,16.322264150943397,99.9,19.69252336448598
2018-09-27 01:00:00+03:00,9.2325,16.22925925925926,99.9,17.788888888888888
2018-09-27 02:00:00+03:00,11.80577981651376,22.613486238532108,99.9,17.355963302752293
2018-09-27 03:00:00+03:00,19.745185185185186,36.14351851851852,99.9,21.214953271028037
2018-09-27 04:00:00+03:00,14.856132075471699,23.456886792452828,99.9,23.84766355140187
2018-09-27 05:00:00+03:00,33.50592592592592,50.104166666666664,99.9,19.40833333333333
2018-09-27 06:00:00+03:00,35.745555555555555,56.41601851851852,99.9,18.142592592592592
2018-09-27 07:00:00+03:00,2.7571296296296293,4.291111111111111,99.9,16.35185185185185
2018-09-27 08:00:00+03:00,4.354018691588785,6.000841121495327,99.90000000000002,16.37735849056604
2018-09-27 09:00:00+03:00,4.6787777777777775,6.578111111111111,99.9,22.20888888888889
2018-09-27 10:00:00+03:00,6.4481,12.7817,99.9,22.59
2018-09-27 11:00:00+03:00,21.0395145631068,32.41834951456311,99.9,18.148039215686275
2018-09-27 12:00:00+03:00,11.296511627906977,17.132441860465118,99.89999999999999,16.900000000000002
2018-09-27 13:00:00+03:00,13.717640449438202,25.60696629213483,99.9,18.71797752808989
2018-09-27 14:00:00+03:00,11.295154639175259,20.751443298969072,99.9,19.844897959183672
2018-09-27 15:00:00+03:00,10.004591836734694,18.709693877551018,99.9,17.865306122448978
2018-09-27 16:00:00+03:00,9.880963855421687,18.02759036144578,99.9,17.3855421686747
2018-09-27 17:00:00+03:00,10.238192771084337,18.34734939759036,99.9,18.348780487804877
2018-09-27 18:00:00+03:00,8.552142857142858,14.534404761904764,99.9,21.56904761904762
2018-09-27 19:00:00+03:00,5.656666666666667,10.645119047619048,99.9,22.473170731707317
2018-09-27 20:00:00+03:00,10.870238095238095,19.76797619047619,99.9,19.49047619047619
2018-09-27 21:00:00+03:00,11.878941176470589,19.594117647058823,99.9,17.11294117647059
2018-09-27 22:00:00+03:00,6.185833333333333,11.100833333333334,99.9,17.007142857142856
2018-09-27 23:00:00+03:00,3.1874698795180723,5.196506024096386,99.9,15.656626506024097
2018-09-28 00:00:00+03:00,5.318470588235294,7.82564705882353,99.9,17.373493975903614
2018-09-28 01:00:00+03:00,12.66658823529412,22.83564705882353,99.9,22.097619047619048
2018-09-28 02:00:00+03:00,7.020609756097562,12.786219512195123,99.9,22.7609756097561
2018-09-28 03:00:00+03:00,10.302588235294118,18.451176470588234,99.9,18.928915662650603
2018-09-28 04:00:00+03:00,8.048095238095238,13.5475,99.9,17.60595238095238
2018-09-28 05:00:00+03:00,18.351627906976745,33.471162790697676,99.9,22.188095238095237
2018-09-28 06:00:00+03:00,6.49421686746988,12.607831325301206,99.9,21.13452380952381
2018-09-28 07:00:00+03:00,12.094235294117647,21.80529411764706,99.9,17.29156626506024
2018-09-28 08:00:00+03:00,8.419518072289158,15.108433734939759,99.9,16.46144578313253
2018-09-28 09:00:00+03:00,7.721904761904762,14.898214285714285,99.9,15.789156626506024
2018-09-28 10:00:00+03:00,9.125180722891566,17.354819277108433,99.9,16.867857142857144
2018-09-28 11:00:00+03:00,10.556547619047619,18.108571428571427,99.82771084337351,21.343373493975903
2018-09-28 12:00:00+03:00,5.905903614457832,10.89409638554217,99.83132530120481,23.142168674698794
2018-09-28 13:00:00+03:00,8.463417721518988,15.74518987341772,99.9,19.291249999999998
2018-09-28 14:00:00+03:00,11.336969696969698,20.07090909090909,99.9,17.681818181818183
2018-09-28 15:00:00+03:00,9.952352941176471,18.891882352941177,99.9,16.708235294117646
2018-09-28 16:00:00+03:00,9.74952380952381,19.136785714285715,99.9,15.991666666666665
2018-09-28 17:00:00+03:00,9.191084337349398,17.16542168674699,99.9,18.477108433734937
2018-09-28 18:00:00+03:00,11.813333333333334,20.44892857142857,99.9,22.678571428571427
2018-09-28 19:00:00+03:00,9.74095238095238,20.460714285714285,99.9,23.67560975609756
2018-09-28 20:00:00+03:00,12.617142857142856,25.428571428571427,99.9,20.327380952380953
2018-09-28 21:00:00+03:00,11.330119047619048,22.468928571428574,99.9,17.98452380952381
2018-09-28 22:00:00+03:00,10.211084337349398,20.54469879518072,99.9,16.922619047619047
2018-09-28 23:00:00+03:00,11.79987951807229,22.889277108433735,99.9,16.522891566265063
2018-09-29 00:00:00+03:00,14.752588235294118,26.651764705882353,99.9,23.053012048192773
2018-09-29 01:00:00+03:00,10.279166666666667,20.46404761904762,99.9,24.35595238095238
2018-09-29 02:00:00+03:00,11.58235294117647,23.77235294117647,99.9,19.914117647058823
2018-09-29 03:00:00+03:00,14.150238095238096,28.242380952380955,99.9,18.114285714285714
2018-09-29 04:00:00+03:00,11.324166666666667,22.3525,99.9,17.6
2018-09-29 05:00:00+03:00,11.242142857142857,21.459166666666665,99.9,17.571428571428573
2018-09-29 06:00:00+03:00,12.27170731707317,23.70451219512195,99.9,20.578048780487805
2018-09-29 07:00:00+03:00,16.221999999999998,27.92317647058823,99.9,24.308333333333334
2018-09-29 08:00:00+03:00,15.188674698795182,28.649638554216867,99.9,22.272289156626506
2018-09-29 09:00:00+03:00,15.28765625,25.154375,99.9,18.816923076923075
2018-09-29 10:00:00+03:00,16.097959183673467,25.79857142857143,99.9,17.561702127659576
2018-09-29 11:00:00+03:00,11.528703703703703,20.03333333333333,99.90000000000002,17.522641509433964
2018-09-29 12:00:00+03:00,9.68655737704918,18.708360655737707,99.9,17.322950819672133
2018-09-29 13:00:00+03:00,10.863833333333334,21.555333333333333,99.9,16.99833333333333
2018-09-29 14:00:00+03:00,10.061166666666667,20.765,99.9,17.86610169491525
2018-09-29 15:00:00+03:00,13.717666666666666,26.840833333333332,99.9,20.961016949152544
2018-09-29 16:00:00+03:00,12.308666666666666,22.34016666666667,99.9,23.64333333333333
2018-09-29 17:00:00+03:00,8.422833333333333,16.401500000000002,99.9,23.950847457627116
2018-09-29 18:00:00+03:00,10.274754098360656,20.89918032786885,99.9,20.54754098360656
2018-09-29 19:00:00+03:00,15.144666666666666,28.334666666666667,99.9,17.238333333333333
2018-09-29 20:00:00+03:00,9.557166666666665,19.045833333333334,99.9,16.267241379310345
2018-09-29 21:00:00+03:00,8.35915254237288,17.320508474576272,99.9,15.771186440677965
2018-09-29 22:00:00+03:00,11.330166666666665,22.503,99.9,15.903333333333332
2018-09-29 23:00:00+03:00,8.988095238095237,18.123650793650793,99.9,18.850877192982455
2018-09-30 00:00:00+03:00,9.808524590163936,19.348688524590163,99.9,22.780327868852456
2018-09-30 01:00:00+03:00,8.172166666666666,17.6165,99.9,23.451666666666664
2018-09-30 02:00:00+03:00,10.2055,21.430833333333332,99.9,18.828333333333333
2018-09-30 03:00:00+03:00,11.538032786885246,21.638852459016395,99.9,20.03050847457627
2018-09-30 04:00:00+03:00,5.780819672131147,12.891967213114754,99.02542372881356,24.240677966101696
2018-09-30 05:00:00+03:00,3.007704918032787,7.7045901639344265,94.41147540983607,24.65081967213115
2018-09-30 06:00:00+03:00,6.641333333333334,15.174166666666668,98.2457627118644,22.235593220338984
2018-09-30 07:00:00+03:00,9.5135,21.311,99.9,18.98166666666667
2018-09-30 08:00:00+03:00,7.380166666666667,14.803666666666667,99.9,17.634999999999998
2018-09-30 09:00:00+03:00,5.1946666666666665,10.22,99.9,17.086666666666666
2018-09-30 10:00:00+03:00,5.584833333333333,11.5165,99.9,16.235
2018-09-30 11:00:00+03:00,6.927833333333334,13.519499999999999,99.9,16.606666666666666
2018-09-30 12:00:00+03:00,6.942333333333334,12.848166666666666,99.9,19.976666666666667
2018-09-30 13:00:00+03:00,12.977166666666667,21.796666666666667,99.9,23.676666666666666
2018-09-30 14:00:00+03:00,4.066065573770492,9.897377049180328,98.2032786885246,25.267213114754096
2018-09-30 15:00:00+03:00,3.4466666666666668,8.928500000000001,97.87333333333335,24.256666666666668
2018-09-30 16:00:00+03:00,6.773833333333333,15.466666666666667,99.9,20.695
2018-09-30 17:00:00+03:00,6.5729999999999995,12.286,99.9,18.436666666666667
2018-09-30 18:00:00+03:00,4.089166666666666,7.5545,99.9,17.52622950819672
2018-09-30 19:00:00+03:00,4.033333333333333,8.320333333333334,99.9,17.315
2018-09-30 20:00:00+03:00,6.619833333333333,11.7375,99.9,16.683333333333334
2018-09-30 21:00:00+03:00,7.291666666666667,13.178166666666668,99.9,18.365000000000002
2018-09-30 22:00:00+03:00,7.016610169491526,12.794237288135593,99.9,22.572881355932203
2018-09-30 23:00:00+03:00,3.2762295081967214,6.914426229508196,99.89833333333334,24.476666666666667
2018-10-01 00:00:00+03:00,3.171,6.8918333333333335,99.9,22.660655737704918
2018-10-01 01:00:00+03:00,8.555084745762711,17.70864406779661,99.9,19.238983050847455
2018-10-01 02:00:00+03:00,6.917,12.813833333333333,99.9,17.81
2018-10-01 03:00:00+03:00,4.531499999999999,8.740833333333335,99.9,16.92
2018-10-01 04:00:00+03:00,6.666229508196721,12.311803278688524,99.9,16.58360655737705
2018-10-01 05:00:00+03:00,7.759833333333333,13.285833333333333,99.9,18.547457627118643
2018-10-01 06:00:00+03:00,16.248,33.26416666666667,99.9,21.633333333333333
2018-10-01 07:00:00+03:00,11.211,22.3465,99.9,23.051666666666666
2018-10-01 08:00:00+03:00,9.9085,19.031,99.9,20.461666666666666
2018-10-01 09:00:00+03:00,11.562982456140352,20.67315789473684,99.9,16.51228070175439
2018-10-01 10:00:00+03:00,34.252033898305086,63.93135593220339,99.9,15.775
2018-10-01 11:00:00+03:00,14.306666666666667,25.802,99.9,15.613333333333333
